last_name,updated_at,nimsp_candidate_id,full_name,id,first_name,middle_name,district,state,votesmart_id,party,email,all_ids/0,all_ids/1,leg_id,active,transparencydata_id,nickname,photo_url,url,country,created_at,level,nimsp_id,chamber,offices/0/fax,offices/0/name,offices/0/phone,offices/0/address,offices/0/type,offices/0/email,suffixes,all_ids/2
Turner,2015-03-29 01:26:28,92608,Frank S Turner,MDL000368,Frank,S,13,md,6233,Democratic,frank.turner@house.state.md.us,MDL000368,MDL000596,MDL000368,true,da179e1bb0954faba2579fdf2efb718c,,http://mgaleg.maryland.gov/2015RS/images/turner.jpg,http://mgaleg.maryland.gov/webmga/frmMain.aspx?pid=sponpage&tab=subject6&id=turner&stab=01,us,2010-08-27 22:54:38,state,1499,lower,,Capitol Office,410-841-3246,"131 House Office Building
6 Bladen Street
Annapolis, MD 21401
Fax: 410-841-3986 | 301-858-3986",capitol,,,
Miller,2015-03-29 01:26:29,,Aruna Miller,MDL000404,Aruna,,15,md,127424,Democratic,runa.miller@house.state.md.us,MDL000404,MDL000558,MDL000404,true,c0a2f5b335c74b71b9958a060eb26929,,http://mgaleg.maryland.gov/2015RS/images/miller a.jpg,http://mgaleg.maryland.gov/webmga/frmMain.aspx?pid=sponpage&tab=subject6&id=miller%20a&stab=01,us,2011-01-14 22:24:08,state,,lower,,Capitol Office,410-841-3090,"426 House Office Building
6 Bladen Street
Annapolis, MD 21401
Fax: 301-858-3126",capitol,,,
Holmes,2015-03-29 01:26:29,80716,Marvin E Holmes Jr.,MDL000294,Marvin,E,23B,md,19380,Democratic,rvin.holmes@house.state.md.us,MDL000294,MDL000528,MDL000294,true,435d7e17a3ca49e1974833fedfa2c8a3,,http://www.msa.md.gov/msa/mdmanual/06hse/images/1198-1-216c.jpg,http://mgaleg.maryland.gov/webmga/frmMain.aspx?pid=sponpage&tab=subject6&id=holmes&stab=01,us,2010-08-27 22:54:37,state,3498,lower,,Capitol Office,410-841-3310,"313 House Office Building
6 Bladen Street
Annapolis, MD 21401",capitol,,Jr.,
McDonough,2015-03-29 01:26:29,92452,Patrick L McDonough,MDL000325,Patrick,L,7,md,342,Republican,pat.mcdonough@house.state.md.us,MDL000325,MDL000554,MDL000325,true,5521301b9ad94481a5d1598e42175a7c,,http://mgaleg.maryland.gov/2015RS/images/mcdonough.jpg,http://mgaleg.maryland.gov/webmga/frmMain.aspx?pid=sponpage&tab=subject6&id=mcdonough&stab=01,us,2010-08-27 22:54:37,state,8,lower,,Capitol Office,410-841-3334,"310 House Office Building
6 Bladen Street
Annapolis, MD 21401
Fax: 410-841-3598",capitol,,,
Morhaim,2015-03-29 01:26:29,92476,Dan K Morhaim,MDL000332,Dan,K,11,md,6197,Democratic,dan.morhaim@house.state.md.us,MDL000332,MDL000563,MDL000332,true,1f41ac0f3a1c48749d5b1a4a1870c28b,,http://mgaleg.maryland.gov/2015RS/images/morhaim.jpg,http://mgaleg.maryland.gov/webmga/frmMain.aspx?pid=sponpage&tab=subject6&id=morhaim&stab=01,us,2010-08-27 22:54:38,state,1485,lower,,Capitol Office,410-841-3054,"362 House Office Building
6 Bladen Street
Annapolis, MD 21401
Fax: 410-841-3385",capitol,,,
Walker,2015-03-29 01:26:29,92618,Jay Walker,MDL000374,Jay,,26,md,68581,Democratic,jay.walker@house.state.md.us,MDL000374,MDL000604,MDL000374,true,9488335e0c6b431ba7e255e4258159a4,,http://mgaleg.maryland.gov/2015RS/images/walker.jpg,http://mgaleg.maryland.gov/webmga/frmMain.aspx?pid=sponpage&tab=subject6&id=walker&stab=01,us,2010-08-27 22:54:38,state,8840,lower,,Capitol Office,410-841-3581,"207 House Office Building
6 Bladen Street
Annapolis, MD 21401
Fax: 301-858-3078",capitol,,,
Carr,2015-03-29 01:26:29,,Alfred C Carr Jr.,MDL000260,Alfred,C,18,md,66414,Democratic,fred.carr@house.state.md.us,MDL000260,MDL000491,MDL000260,true,9b633074dd504a4b9fc745e4c580de83,,http://mgaleg.maryland.gov/2015RS/images/carr.jpg,http://mgaleg.maryland.gov/webmga/frmMain.aspx?pid=sponpage&tab=subject6&id=carr&stab=01,us,2010-08-27 22:54:37,state,,lower,,Capitol Office,410-841-3638,"222 House Office Building
6 Bladen Street
Annapolis, MD 21401
Fax: 301-858-3053",capitol,,Jr.,
Washington,2015-03-29 01:26:29,,Mary L Washington,MDL000415,Mary,L,43,md,68588,Democratic,ry.washington@house.state.md.us,MDL000415,MDL000606,MDL000415,true,f3650ee7b6c041d69282cba937fe50a7,,http://mgaleg.maryland.gov/2015RS/images/washington.jpg,http://mgaleg.maryland.gov/webmga/frmMain.aspx?pid=sponpage&tab=subject6&id=washington&stab=01,us,2011-01-14 22:24:08,state,,lower,,Capitol Office,410-841-3476,"429 House Office Building
6 Bladen Street
Annapolis, MD 21401
Fax: 410-841-3295 | 301-858-3295",capitol,,,
Beidle,2015-03-29 01:26:29,92174,Pamela G Beidle,MDL000246,Pamela,G,32,md,65432,Democratic,pamela.beidle@house.state.md.us,MDL000246,MDL000479,MDL000246,true,e47c56560ff3443396073c89631cce45,,http://mgaleg.maryland.gov/2015RS/images/beidle.jpg,http://mgaleg.maryland.gov/webmga/frmMain.aspx?pid=sponpage&tab=subject6&id=beidle&stab=01,us,2010-08-27 22:54:37,state,8371,lower,,Capitol Office,410-841-3370,"165 House Office Building
6 Bladen Street
Annapolis, MD 21401
Fax: 410-841-3347 | 301-858-3347",capitol,,,
Luedtke,2015-03-29 01:26:28,,Eric G Luedtke,MDL000401,Eric,G,14,md,125762,Democratic,eric.luedtke@house.state.md.us,MDL000401,MDL000549,MDL000401,true,4bb31eabfd564ed5916da1f1520af842,,http://mgaleg.maryland.gov/2015RS/images/luedtke.jpg,http://mgaleg.maryland.gov/webmga/frmMain.aspx?pid=sponpage&tab=subject6&id=luedtke&stab=01,us,2011-01-14 22:24:08,state,,lower,,Capitol Office,410-841-3110,"222 House Office Building
6 Bladen Street
Annapolis, MD 21401
Fax: 301-858-3053",capitol,,,
Robinson,2015-03-29 01:26:29,92541,Barbara A Robinson,MDL000348,Barbara,A,40,md,66507,Democratic,barbara.robinson@house.state.md.us,MDL000348,MDL000579,MDL000348,true,9a92ac2390dd47b7bb9676ffe672945e,,http://mgaleg.maryland.gov/2015RS/images/robinson.jpg,http://mgaleg.maryland.gov/webmga/frmMain.aspx?pid=sponpage&tab=subject6&id=robinson&stab=01,us,2010-08-27 22:54:38,state,8533,lower,,Capitol Office,410-841-3520,"412 House Office Building
6 Bladen Street
Annapolis, MD 21401
Fax: 410-841-3199",capitol,,,
Arentz,2015-03-29 01:26:28,,Steven J. Arentz,MDL000618,Steven J.,,36,md,,Republican,steven.arentz@house.state.md.us,MDL000618,,MDL000618,true,,,http://mgaleg.maryland.gov/2015RS/images/arentz01.jpg,http://mgaleg.maryland.gov/webmga/frmMain.aspx?pid=sponpage&tab=subject6&id=arentz01&stab=01,,2014-01-07 00:28:29,,,lower,,Capitol Office,410-841-3543,"308 House Office Building
6 Bladen Street
Annapolis, MD 21401
Fax: 410-841-3098",capitol,,,
Washington,2015-03-29 01:26:29,,Alonzo T. Washington,MDL000605,Alonzo,T.,22,md,,Democratic,nzo.washington@house.state.md.us,MDL000605,,MDL000605,true,,,http://mgaleg.maryland.gov/2015RS/images/washington a.jpg,http://mgaleg.maryland.gov/webmga/frmMain.aspx?pid=sponpage&tab=subject6&id=washington%20a&stab=01,,2013-01-07 18:34:53,,,lower,,Capitol Office,410-841-3652,"205 House Office Building
6 Bladen Street
Annapolis, MD 21401
Fax: 301-858-3699",capitol,,,
Anderson,2015-03-29 01:26:28,92153,Curtis S Anderson,MDL000238,Curtis,S,43,md,36285,Democratic,curt.anderson@house.state.md.us,MDL000238,MDL000472,MDL000238,true,023a2051955146cba39964273b7a7bc6,Curt,http://mgaleg.maryland.gov/2015RS/images/anderson.jpg,http://mgaleg.maryland.gov/webmga/frmMain.aspx?pid=sponpage&tab=subject6&id=anderson&stab=01,us,2010-08-27 22:54:37,state,5298,lower,,Capitol Office,410-841-3291,"314 House Office Building
6 Bladen Street
Annapolis, MD 21401
Fax: 410-841-3024",capitol,,,
Carter,2015-03-29 01:26:29,92225,Jill P Carter,MDL000261,Jill,P,41,md,36107,Democratic,jill.carter@house.state.md.us,MDL000261,MDL000492,MDL000261,true,8cbe45f14e2a484fb5efd485f741799d,,http://mgaleg.maryland.gov/2015RS/images/carter.jpg,http://mgaleg.maryland.gov/webmga/frmMain.aspx?pid=sponpage&tab=subject6&id=carter&stab=01,us,2010-08-27 22:54:37,state,5274,lower,,Capitol Office,410-841-3268,"416 House Office Building
6 Bladen Street
Annapolis, MD 21401
Fax: 410-841-3251",capitol,,,
Cullison,2015-03-29 01:26:29,,Bonnie L Cullison,MDL000393,Bonnie,L,19,md,125776,Democratic,bonnie.cullison@house.state.md.us,MDL000393,MDL000499,MDL000393,true,7dabc4da4cc74775aefd1d5f7e517295,,http://mgaleg.maryland.gov/2015RS/images/cullison.jpg,http://mgaleg.maryland.gov/webmga/frmMain.aspx?pid=sponpage&tab=subject6&id=cullison&stab=01,us,2011-01-14 22:24:08,state,,lower,,Capitol Office,410-841-3883,"350 House Office Building
6 Bladen Street
Annapolis, MD 21401
Fax: 301-858-3882",capitol,,,
Simonaire,2015-03-29 01:26:29,,"Simonaire, Meagan C.",MDL000690,Meagan C.,,31B,md,,Republican,Meagan.Simonaire@house.state.md.us,MDL000690,,MDL000690,true,,,http://mgaleg.maryland.gov/2015RS/images/simonaire01.jpg,http://mgaleg.maryland.gov/webmga/frmMain.aspx?pid=sponpage&tab=subject6&id=simonaire01&stab=01,,2015-01-14 21:51:11,,,lower,,Capitol Office,410-841-3206,"156 House Office Building
6 Bladen Street
Annapolis, MD 21401",capitol,,,
Pena-Melnyk,2015-03-29 01:26:29,92511,Joseline A Pena-Melnyk,MDL000341,Joseline,A,21,md,68578,Democratic,joseline.pena.melnyk@house.state.md.us,MDL000341,MDL000574,MDL000341,true,b3a611ddd2e740b88c39045d4d4b43da,,http://mgaleg.maryland.gov/2015RS/images/pena.jpg,http://mgaleg.maryland.gov/webmga/frmMain.aspx?pid=sponpage&tab=subject6&id=pena&stab=01,us,2010-08-27 22:54:38,state,8839,lower,,Capitol Office,410-841-3502,"425 House Office Building
6 Bladen Street
Annapolis, MD 21401
Fax: 410-841-3342 | 301-858-3342",capitol,,,
Kaiser,2015-03-29 01:26:29,92393,Anne R Kaiser,MDL000306,Anne,R,14,md,36115,Democratic,nne.kaiser@house.state.md.us,MDL000306,MDL000540,MDL000306,true,e7b2a20e89414a90a110fa53f8dfd384,,http://mgaleg.maryland.gov/2015RS/images/kaiser.jpg,http://mgaleg.maryland.gov/webmga/frmMain.aspx?pid=sponpage&tab=subject6&id=kaiser&stab=01,us,2010-08-27 22:54:37,state,5277,lower,,Capitol Office,410-841-3036,"350 House Office Building
6 Bladen Street
Annapolis, MD 21401
Fax: 301-858-3060",capitol,,,
Howard,2015-03-29 01:26:29,92369,Carolyn J.B. Howard,MDL000295,Carolyn,J.B.,24,md,6163,Democratic,carolyn.howard@house.state.md.us,MDL000295,MDL000530,MDL000295,true,e8b34c0d3a7b4c769bb2a28808becc68,,http://mgaleg.maryland.gov/2015RS/images/howard.jpg,http://mgaleg.maryland.gov/webmga/frmMain.aspx?pid=sponpage&tab=subject6&id=howard&stab=01,us,2010-08-27 22:54:37,state,1468,lower,,Capitol Office,410-841-3919,"301 House Office Building
6 Bladen Street
Annapolis, MD 21401",capitol,,,
Bromwell,2015-03-29 01:26:29,92204,Eric M Bromwell,MDL000255,Eric,M,8,md,36188,Democratic,eric.bromwell@house.state.md.us,MDL000255,MDL000486,MDL000255,true,357bdf6184b14223974806c57353d7f3,,http://mgaleg.maryland.gov/2015RS/images/bromwell.jpg,http://mgaleg.maryland.gov/webmga/frmMain.aspx?pid=sponpage&tab=subject6&id=bromwell&stab=01,us,2010-08-27 22:54:37,state,5285,lower,,Capitol Office,410-841-3766,"415 House Office Building
6 Bladen Street
Annapolis, MD 21401
Fax: 410-841-3850",capitol,,,
Kelly,2015-03-29 01:26:29,,Ariana B Kelly,MDL000400,Ariana,B,16,md,127434,Democratic,riana.kelly@house.state.md.us,MDL000400,MDL000541,MDL000400,true,e948bfb670da4e9d952d0e78538baa1a,,http://mgaleg.maryland.gov/2015RS/images/kelly a.jpg,http://mgaleg.maryland.gov/webmga/frmMain.aspx?pid=sponpage&tab=subject6&id=kelly%20a&stab=01,us,2011-01-14 22:24:08,state,,lower,,Capitol Office,410-841-3642,"210 House Office Building
6 Bladen Street
Annapolis, MD 21401
Fax: 301-858-3026",capitol,,,
Oaks,2015-03-29 01:26:29,92496,Nathaniel T Oaks,MDL000338,Nathaniel,T,41,md,6205,Democratic,nathaniel.oaks@house.state.md.us,MDL000338,MDL000569,MDL000338,true,4e7316e9b8184e29a4b97db8124eebd2,,http://mgaleg.maryland.gov/2015RS/images/oaks.jpg,http://mgaleg.maryland.gov/webmga/frmMain.aspx?pid=sponpage&tab=subject6&id=oaks&stab=01,us,2010-08-27 22:54:38,state,1489,lower,,Capitol Office,410-841-3283,"411 House Office Building
6 Bladen Street
Annapolis, MD 21401
Fax: 410-841-3267",capitol,,,
Glenn,2015-03-29 01:26:28,92317,Cheryl D Glenn,MDL000282,Cheryl,D,45,md,66525,Democratic,cheryl.glenn@house.state.md.us,MDL000282,MDL000516,MDL000282,true,64616b9d8edb437e94e0ee869c3d4ce3,,http://mgaleg.maryland.gov/2015RS/images/glenn.jpg,http://mgaleg.maryland.gov/webmga/frmMain.aspx?pid=sponpage&tab=subject6&id=glenn&stab=01,us,2010-08-27 22:54:37,state,8536,lower,,Capitol Office,410-841-3257,"413 House Office Building
6 Bladen Street
Annapolis, MD 21401
Fax: 410-841-3019",capitol,,,
Rosenberg,2015-03-29 01:26:28,92546,Samuel I Rosenberg,MDL000349,Samuel,I,41,md,6222,Democratic,samuel.rosenberg@house.state.md.us,MDL000349,MDL000581,MDL000349,true,3b060b2fef3e41888975786bfcc918fa,,http://mgaleg.maryland.gov/2015RS/images/rosenberg.jpg,http://mgaleg.maryland.gov/webmga/frmMain.aspx?pid=sponpage&tab=subject6&id=rosenberg&stab=01,us,2010-08-27 22:54:38,state,1496,lower,,Capitol Office,410-841-3297,"365 House Office Building
6 Bladen Street
Annapolis, MD 21401
Fax: 410-841-3179",capitol,,,
Clippinger,2015-03-29 01:26:28,,Luke H. Clippinger,MDL000391,Luke,,46,md,126006,Democratic,uke.clippinger@house.state.md.us,MDL000391,MDL000420,MDL000391,true,14a970c4b4204074ba3bc45d02de58fa,,http://mgaleg.maryland.gov/2015RS/images/clippinger.jpg,http://mgaleg.maryland.gov/webmga/frmMain.aspx?pid=sponpage&tab=subject6&id=clippinger&stab=01,us,2011-01-14 22:24:08,state,,lower,,Capitol Office,410-841-3303,"350 House Office Building
6 Bladen Street
Annapolis, MD 21401
Fax: 410-841-3537",capitol,,,MDL000494
Smith,2015-03-29 01:26:29,,"Smith, William C., Jr.",MDL000623,William C,,20,md,,Democratic,Will.Smith@house.state.md.us,MDL000623,MDL000707,MDL000623,true,,,http://mgaleg.maryland.gov/2015RS/images/smith01.jpg,http://mgaleg.maryland.gov/webmga/frmMain.aspx?pid=sponpage&tab=subject6&id=smith01&stab=01,,2015-01-14 21:51:09,,,lower,,Capitol Office,410-841-3493,"224 House Office Building
6 Bladen Street
Annapolis, MD 21401",capitol,,Jr.,
Korman,2015-03-29 01:26:29,,"Korman, Marc",MDL000657,Marc,,16,md,,Democratic,Marc.Korman@house.state.md.us,MDL000657,,MDL000657,true,,,http://mgaleg.maryland.gov/2015RS/images/korman01.jpg,http://mgaleg.maryland.gov/webmga/frmMain.aspx?pid=sponpage&tab=subject6&id=korman01&stab=01,,2015-01-14 21:51:10,,,lower,,Capitol Office,410-841-3649,"210 House Office Building
6 Bladen Street
Annapolis, MD 21401",capitol,,,
Rose,2015-03-29 01:26:29,,"Rose, April",MDL000718,April,,5,md,,Republican,April.Rose@house.state.md.us,MDL000718,,MDL000718,true,,,http://mgaleg.maryland.gov/2015RS/images/rose01.jpg,http://mgaleg.maryland.gov/webmga/frmMain.aspx?pid=sponpage&tab=subject6&id=rose01&stab=01,,2015-03-18 01:13:44,,,lower,,Capitol Office,410-841-3070,"320 House Office Building
6 Bladen St.
Annapolis, MD 21401",capitol,,,
Rey,2015-03-29 01:26:28,,"Rey, Deborah C.",MDL000693,Deborah C.,,29B,md,,Republican,Deborah.Rey@house.state.md.us,MDL000693,,MDL000693,true,,,http://mgaleg.maryland.gov/2015RS/images/rey01.jpg,http://mgaleg.maryland.gov/webmga/frmMain.aspx?pid=sponpage&tab=subject6&id=rey01&stab=01,,2015-01-14 21:51:11,,,lower,,Capitol Office,410-841-3227,"319 House Office Building
6 Bladen Street
Annapolis, MD 21401",capitol,,,
Vaughn,2015-03-29 01:26:28,92615,Michael L Vaughn,MDL000372,Michael,L,24,md,36240,Democratic,michael.vaughn@house.state.md.us,MDL000372,MDL000601,MDL000372,true,be975ee5c58047a58dc6c518a299fcb5,,http://mgaleg.maryland.gov/2015RS/images/vaughn.jpg,http://mgaleg.maryland.gov/webmga/frmMain.aspx?pid=sponpage&tab=subject6&id=vaughn&stab=01,us,2010-08-27 22:54:38,state,5290,lower,,Capitol Office,410-841-3691,"423 House Office Building
6 Bladen Street
Annapolis, MD 21401
Fax: 301-858-3055",capitol,,,
Wilson,2015-03-29 01:26:29,,C. T. Wilson,MDL000416,C. T.,,28,md,125914,Democratic,ct.wilson@house.state.md.us,MDL000416,MDL000608,MDL000416,true,d629b73895494bd4920f918d3f36202f,,http://mgaleg.maryland.gov/2015RS/images/wilson.jpg,http://mgaleg.maryland.gov/webmga/frmMain.aspx?pid=sponpage&tab=subject6&id=wilson&stab=01,us,2011-01-14 22:24:08,state,,lower,,Capitol Office,410-841-3325,"422 House Office Building
6 Bladen Street
Annapolis, MD 21401
Fax: 410-841-3367 | 301-858-3367",capitol,,,
Valderrama,2015-03-29 01:26:28,92611,Kriselda Valderrama,MDL000370,Kriselda,,26,md,67683,Democratic,kris.valderrama@house.state.md.us,MDL000370,MDL000598,MDL000370,true,ec943537c14a4242b55adda77f16ae6d,,http://mgaleg.maryland.gov/2015RS/images/valderrama.jpg,http://mgaleg.maryland.gov/webmga/frmMain.aspx?pid=sponpage&tab=subject6&id=valderrama&stab=01,us,2010-08-27 22:54:38,state,8723,lower,,Capitol Office,410-841-3210,"205 House Office Building
6 Bladen Street
Annapolis, MD 21401
Fax: 301-858-3525",capitol,,,
Hammen,2015-03-29 01:26:29,92340,Peter A Hammen,MDL000287,Peter,A,46,md,6155,Democratic,peter.hammen@house.state.md.us,MDL000287,MDL000521,MDL000287,true,33be6a931de145d2a2675a9bc3361a16,,http://mgaleg.maryland.gov/2015RS/images/hammen.jpg,http://mgaleg.maryland.gov/webmga/frmMain.aspx?pid=sponpage&tab=subject6&id=hammen&stab=01,us,2010-08-27 22:54:37,state,1462,lower,,Capitol Office,410-841-3772,"241 House Office Building
6 Bladen Street
Annapolis, MD 21401
Fax: 410-841-3409",capitol,,,
Gutierrez,2015-03-29 01:26:29,92333,Ana Sol Gutierrez,MDL000284,Ana Sol,,18,md,19375,Democratic,na.gutierrez@house.state.md.us,MDL000284,MDL000518,MDL000284,true,ea0889147aaf425996e6e9d0ada5a7da,,http://mgaleg.maryland.gov/2015RS/images/gutierrez.jpg,http://mgaleg.maryland.gov/webmga/frmMain.aspx?pid=sponpage&tab=subject6&id=gutierrez&stab=01,us,2010-08-27 22:54:37,state,3496,lower,,Capitol Office,410-841-3181,"404 House Office Building
6 Bladen Street
Annapolis, MD 21401
Fax: 301-858-3232",capitol,,,
Frick,2015-03-29 01:26:28,,C. William Frick,MDL000277,C. William,,16,md,101240,Democratic,bill.frick@house.state.md.us,MDL000277,MDL000510,MDL000277,true,2bae3e7eaa8d42018622026d8d7332d6,,http://mgaleg.maryland.gov/2015RS/images/frick.jpg,http://mgaleg.maryland.gov/webmga/frmMain.aspx?pid=sponpage&tab=subject6&id=frick&stab=01,us,2010-08-27 22:54:37,state,,lower,,Capitol Office,410-841-3454,"350 House Office Building
6 Bladen Street
Annapolis, MD 21401
Fax: 301-858-3457",capitol,,,
Kramer,2015-03-29 01:26:28,92414,Benjamin F Kramer,MDL000311,Benjamin,F,19,md,68569,Democratic,benjamin.kramer@house.state.md.us,MDL000311,MDL000544,MDL000311,true,9514291b52e744bea57b190b0202734e,,http://mgaleg.maryland.gov/2015RS/images/kramer b.jpg,http://mgaleg.maryland.gov/webmga/frmMain.aspx?pid=sponpage&tab=subject6&id=kramer%20b&stab=01,us,2010-08-27 22:54:37,state,8835,lower,,Capitol Office,410-841-3485,"226 House Office Building
6 Bladen Street
Annapolis, MD 21401
Fax: 301-858-3875",capitol,,,
Hornberger,2015-03-29 01:24:00,,"Hornberger, Kevin Bailey",MDL000692,Kevin Bailey,,35A,md,,Republican,Kevin.Hornberger@house.state.md.us,MDL000692,,MDL000692,true,,,http://mgaleg.maryland.gov/2015RS/images/hornberger01.jpg,http://mgaleg.maryland.gov/webmga/frmMain.aspx?pid=sponpage&tab=subject6&id=hornberger01&stab=01,,2015-01-14 21:51:11,,,lower,,Capitol Office,410-841-3284,"410  House Office Building
6 Bladen Street
Annapolis, MD 21401",capitol,,,
Healey,2015-03-29 01:26:29,92351,Anne Healey,MDL000290,Anne,,22,md,6158,Democratic,nne.healey@house.state.md.us,MDL000290,MDL000524,MDL000290,true,c6604976d58e459baf7f1edc90287737,,http://mgaleg.maryland.gov/2015RS/images/healey.jpg,http://mgaleg.maryland.gov/webmga/frmMain.aspx?pid=sponpage&tab=subject6&id=healey&stab=01,us,2010-08-27 22:54:37,state,1464,lower,,Capitol Office,410-841-3961,"361 House Office Building
6 Bladen Street
Annapolis, MD 21401
Fax: 301-858-3223",capitol,,,
Stein,2015-03-29 01:26:29,92589,Dana M Stein,MDL000361,Dana,M,11,md,36190,Democratic,dana.stein@house.state.md.us,MDL000361,MDL000589,MDL000361,true,fa8de4817d8443dd9b0ca4218940813b,,http://mgaleg.maryland.gov/2015RS/images/stein.jpg,http://mgaleg.maryland.gov/webmga/frmMain.aspx?pid=sponpage&tab=subject6&id=stein&stab=01,us,2010-08-27 22:54:38,state,5286,lower,,Capitol Office,410-841-3527,"251 House Office Building
6 Bladen Street
Annapolis, MD 21401
Fax: 410-841-3373",capitol,,,
Jameson,2015-03-29 01:26:28,92384,Sally Y Jameson,MDL000301,Sally,Y,28,md,36479,Democratic,sally.jameson@house.state.md.us,MDL000301,MDL000537,MDL000301,true,0f9d8a1e7cff45c192bb4522d09088cf,,http://mgaleg.maryland.gov/2015RS/images/jameson.jpg,http://mgaleg.maryland.gov/webmga/frmMain.aspx?pid=sponpage&tab=subject6&id=jameson&stab=01,us,2010-08-27 22:54:37,state,5325,lower,,Capitol Office,410-841-3337,"231 House Office Building
6 Bladen Street
Annapolis, MD 21401
Fax: 301-858-3277",capitol,,,
Barkley,2015-03-29 01:26:28,92166,Charles E Barkley,MDL000240,Charles,E,39,md,19121,Democratic,charles.barkley@house.state.md.us,MDL000240,MDL000475,MDL000240,true,576cb3843b7942239330682b4463e469,,http://mgaleg.maryland.gov/2015RS/images/barkley.jpg,http://mgaleg.maryland.gov/webmga/frmMain.aspx?pid=sponpage&tab=subject6&id=barkley&stab=01,us,2010-08-27 22:54:37,state,3477,lower,,Capitol Office,410-841-3001,"223 House Office Building
6 Bladen Street
Annapolis, MD 21401
Fax: 301-858-3009",capitol,,,
Davis,2015-03-29 01:26:27,92255,Dereck E Davis,MDL000267,Dereck,E,25,md,6128,Democratic,dereck.davis@house.state.md.us,MDL000267,MDL000500,MDL000267,true,1040b38f972d4c2093136f1b019e806a,,http://mgaleg.maryland.gov/2015RS/images/davis d.jpg,http://mgaleg.maryland.gov/webmga/frmMain.aspx?pid=sponpage&tab=subject6&id=davis%20d&stab=01,us,2010-08-27 22:54:37,state,1449,lower,,Capitol Office,410-841-3519,"231 House Office Building
6 Bladen Street
Annapolis, MD 21401
Fax: 301-858-3558",capitol,,,
Waldstreicher,2015-03-29 01:26:28,92617,Jeffrey D Waldstreicher,MDL000373,Jeffrey,D,18,md,68561,Democratic,jeff.waldstreicher@house.state.md.us,MDL000373,MDL000603,MDL000373,true,8a75204891b9483a888fdc9b9fea0c07,,http://mgaleg.maryland.gov/2015RS/images/waldstreicher.jpg,http://mgaleg.maryland.gov/webmga/frmMain.aspx?pid=sponpage&tab=subject6&id=waldstreicher&stab=01,us,2010-08-27 22:54:38,state,8834,lower,,Capitol Office,410-841-3130,"414 House Office Building
6 Bladen Street
Annapolis, MD 21401
Fax: 301-858-3233",capitol,,,
Long,2015-03-29 01:26:29,,"Long, Robert B.",MDL000658,Robert B.,,6,md,,Republican,Bob.Long@house.state.md.us,MDL000658,MDL000706,MDL000658,true,,,http://mgaleg.maryland.gov/2015RS/images/long01.jpg,http://mgaleg.maryland.gov/webmga/frmMain.aspx?pid=sponpage&tab=subject6&id=long01&stab=01,,2015-01-14 21:51:10,,,lower,,Capitol Office,410-841-3458,"325 House Office Building
6 Bladen Street
Annapolis, MD 21401",capitol,,,
Lierman,2015-03-29 01:26:29,,"Lierman, Brooke E.",MDL000688,Brooke E.,,46,md,,Democratic,Brooke.Lierman@house.state.md.us,MDL000688,MDL000712,MDL000688,true,,,http://mgaleg.maryland.gov/2015RS/images/lierman01.jpg,http://mgaleg.maryland.gov/webmga/frmMain.aspx?pid=sponpage&tab=subject6&id=lierman01&stab=01,,2015-01-14 21:51:11,,,lower,,Capitol Office,410-841-3319,"311 House Office Building
6 Bladen Street
Annapolis, MD 21401",capitol,,,
Mautz,2015-03-29 01:26:28,,"Mautz, Johnny",MDL000660,Johnny,,37B,md,,Republican,Johnny.Mautz@house.state.md.us,MDL000660,,MDL000660,true,,,http://mgaleg.maryland.gov/2015RS/images/mautz01.jpg,http://mgaleg.maryland.gov/webmga/frmMain.aspx?pid=sponpage&tab=subject6&id=mautz01&stab=01,,2015-01-14 21:51:10,,,lower,,Capitol Office,410-841-3429,"323 House Office Building
6 Bladen Street
Annapolis, MD 21401",capitol,,,
Metzgar,2015-03-29 01:26:29,,"Metzgar, Ric",MDL000685,Ric,,6,md,,Republican,Ric.Metzgar@house.state.md.us,MDL000685,,MDL000685,true,,,http://mgaleg.maryland.gov/2015RS/images/metzgar01.jpg,http://mgaleg.maryland.gov/webmga/frmMain.aspx?pid=sponpage&tab=subject6&id=metzgar01&stab=01,,2015-01-14 21:51:11,,,lower,,Capitol Office,410-841-3332,"307 House Office Building
6 Bladen Street
Annapolis, MD 21401",capitol,,,
Buckel,2015-03-29 01:26:28,,"Buckel, Jason C.",MDL000637,Jason C.,,1B,md,,Republican,Jason.Buckel@house.state.md.us,MDL000637,,MDL000637,true,,,http://mgaleg.maryland.gov/2015RS/images/buckel01.jpg,http://mgaleg.maryland.gov/webmga/frmMain.aspx?pid=sponpage&tab=subject6&id=buckel01&stab=01,,2015-01-14 21:51:10,,,lower,,Capitol Office,410-841-3404,"309 House Office Building
6 Bladen Street
Annapolis, MD 21401",capitol,,,
Angel,2015-03-29 01:26:29,,"Angel, Angela",MDL000663,Angela,,25,md,,Democratic,Angela.Angel@house.state.md.us,MDL000663,,MDL000663,true,,,http://mgaleg.maryland.gov/2015RS/images/angel01.jpg,http://mgaleg.maryland.gov/webmga/frmMain.aspx?pid=sponpage&tab=subject6&id=angel01&stab=01,,2015-01-14 21:51:10,,,lower,,Capitol Office,410-841-3707,"216 House Office Building
6 Bladen Street
Annapolis, MD 21401",capitol,,,
Folden,2015-03-29 01:26:29,,"Folden, William",MDL000699,William,,3B,md,,Republican,William.Folden@house.state.md.us,MDL000699,,MDL000699,true,,,http://mgaleg.maryland.gov/2015RS/images/folden01.jpg,http://mgaleg.maryland.gov/webmga/frmMain.aspx?pid=sponpage&tab=subject6&id=folden01&stab=01,,2015-01-14 21:51:11,,,lower,,Capitol Office,410-841-3240,"405 House Office Building
6 Bladen Street
Annapolis, MD 21401
Fax: 410-841-3481 | 301-858-3481",capitol,,,
Saab,2015-03-29 01:26:29,,"Saab, Sid",MDL000700,Sid,,33,md,,Republican,Sid.Saab@house.state.md.us,MDL000700,,MDL000700,true,,,http://mgaleg.maryland.gov/2015RS/images/saab01.jpg,http://mgaleg.maryland.gov/webmga/frmMain.aspx?pid=sponpage&tab=subject6&id=saab01&stab=01,,2015-01-14 21:51:11,,,lower,,Capitol Office,410-841-3551,"157 House Office Building
6 Bladen Street
Annapolis, MD 21401",capitol,,,
Cassilly,2015-03-29 01:26:29,,"Cassilly, Andrew",MDL000622,Andrew,,35B,md,,Republican,Andrew.Cassilly@house.state.md.us,MDL000622,,MDL000622,true,,,http://mgaleg.maryland.gov/2015RS/images/cassilly01.jpg,http://mgaleg.maryland.gov/webmga/frmMain.aspx?pid=sponpage&tab=subject6&id=cassilly01&stab=01,,2015-01-14 21:51:09,,,lower,,Capitol Office,410-841-3444,"316 House Office Building
6 Bladen Street
Annapolis, MD 21401",capitol,,,
Tarlau,2015-03-29 01:26:29,,"Tarlau, Jimmy",MDL000661,Jimmy,,47A,md,,Democratic,Jimmy.Tarlau@house.state.md.us,MDL000661,,MDL000661,true,,,http://mgaleg.maryland.gov/2015RS/images/tarlau01.jpg,http://mgaleg.maryland.gov/webmga/frmMain.aspx?pid=sponpage&tab=subject6&id=tarlau01&stab=01,,2015-01-14 21:51:10,,,lower,,Capitol Office,410-841-3326,"209 House Office Building
6 Bladen Street
Annapolis, MD 21401",capitol,,,
McCray,2015-03-29 01:26:29,,"McCray, Cory V.",MDL000640,Cory,,45,md,,Democratic,Cory.McCray@house.state.md.us,MDL000640,,MDL000640,true,,,http://mgaleg.maryland.gov/2015RS/images/mccray01.jpg,http://mgaleg.maryland.gov/webmga/frmMain.aspx?pid=sponpage&tab=subject6&id=mccray01&stab=01,,2015-01-14 21:51:10,,,lower,,Capitol Office,410-841-3486,"315 House Office Building
6 Bladen Street
Annapolis, MD 21401",capitol,,V.,
Lam,2015-03-29 01:26:29,,"Lam, Clarence K.",MDL000643,Clarence K.,,12,md,,Democratic,Clarence.Lam@house.state.md.us,MDL000643,,MDL000643,true,,,http://mgaleg.maryland.gov/2015RS/images/lam01.jpg,http://mgaleg.maryland.gov/webmga/frmMain.aspx?pid=sponpage&tab=subject6&id=lam01&stab=01,,2015-01-14 21:51:10,,,lower,,Capitol Office,410-841-3205,"214 House Office Building
6 Bladen Street
Annapolis, MD 21401",capitol,,,
Fennell,2015-03-29 01:26:29,,"Fennell, Diana M.",MDL000651,Diana M.,,47A,md,,Democratic,Diana.Fennell@house.state.md.us,MDL000651,,MDL000651,true,,,http://mgaleg.maryland.gov/2015RS/images/fennell01.jpg,http://mgaleg.maryland.gov/webmga/frmMain.aspx?pid=sponpage&tab=subject6&id=fennell01&stab=01,,2015-01-14 21:51:10,,,lower,,Capitol Office,410-841-3478,"209 House Office Building
6 Bladen Street
Annapolis, MD 21401",capitol,,,
Afzali,2015-03-29 01:26:29,,"Afzali, Kathy",MDL000676,Kathy,,4,md,,Republican,kathy.afzali@house.state.md.us,MDL000676,,MDL000676,true,,,http://mgaleg.maryland.gov/2015RS/images/afzali.jpg,http://mgaleg.maryland.gov/webmga/frmMain.aspx?pid=sponpage&tab=subject6&id=afzali&stab=01,,2015-01-14 21:51:11,,,lower,,Capitol Office,410-841-3288,"326 House Office Building
6 Bladen Street
Annapolis, MD 21401
Fax: 301-858-3184",capitol,,,
Sample-Hughes,2015-03-29 01:26:29,,"Sample-Hughes, Sheree",MDL000683,Sheree,,37A,md,,Democratic,Sheree.Sample.Hughes@house.state.md.us,MDL000683,,MDL000683,true,,,http://mgaleg.maryland.gov/2015RS/images/sample01.jpg,http://mgaleg.maryland.gov/webmga/frmMain.aspx?pid=sponpage&tab=subject6&id=sample01&stab=01,,2015-01-14 21:51:11,,,lower,,Capitol Office,410-841-3427,"221 House Office Building
6 Bladen Street
Annapolis, MD 21401",capitol,,,
Valentino-Smith,2015-03-29 01:26:29,,Geraldine Valentino-Smith,MDL000413,Geraldine,,23A,md,75691,Democratic,geraldine.valentino.smith@house.state.md.us,MDL000413,MDL000599,MDL000413,true,e6e1e111e37c416894306b032fdd1f1f,,http://mgaleg.maryland.gov/2015RS/images/valentino.jpg,http://mgaleg.maryland.gov/webmga/frmMain.aspx?pid=sponpage&tab=subject6&id=valentino&stab=01,us,2011-01-14 22:24:08,state,,lower,,Capitol Office,410-841-3101,"427 House Office Building
6 Bladen Street
Annapolis, MD 21401
Fax: 301-858-3294",capitol,,,
Kittleman,2015-03-29 01:26:28,,"Kittleman, Trent",MDL000671,Trent,,9A,md,,Republican,Trent.Kittleman@house.state.md.us,MDL000671,,MDL000671,true,,,http://mgaleg.maryland.gov/2015RS/images/kittleman02.jpg,http://mgaleg.maryland.gov/webmga/frmMain.aspx?pid=sponpage&tab=subject6&id=kittleman02&stab=01,,2015-01-14 21:51:11,,,lower,,Capitol Office,410-841-3556,"202 House Office Building
6 Bladen Street
Annapolis, MD 21401",capitol,,,
McKay,2015-03-29 01:26:29,,"McKay, Mike",MDL000628,Mike,,1C,md,,Republican,Mike.McKay@house.state.md.us,MDL000628,,MDL000628,true,,,http://mgaleg.maryland.gov/2015RS/images/mckay01.jpg,http://mgaleg.maryland.gov/webmga/frmMain.aspx?pid=sponpage&tab=subject6&id=mckay01&stab=01,,2015-01-14 21:51:09,,,lower,,Capitol Office,410-841-3321,"322 House Office Building
6 Bladen Street
Annapolis, MD 21401",capitol,,,
Young,2015-03-29 01:26:29,,"Young, Karen Lewis",MDL000675,Karen Lewis,,3A,md,,Democratic,Karen.Young@house.state.md.us,MDL000675,,MDL000675,true,,,http://mgaleg.maryland.gov/2015RS/images/young02.jpg,http://mgaleg.maryland.gov/webmga/frmMain.aspx?pid=sponpage&tab=subject6&id=young02&stab=01,,2015-01-14 21:51:11,,,lower,,Capitol Office,410-841-3436,"217 House Office Building
6 Bladen Street
Annapolis, MD 21401",capitol,,,
Krebs,2015-03-29 01:26:29,,"Krebs, Susan W.",MDL000653,Susan W.,,5,md,,Republican,susan.krebs@house.state.md.us,MDL000653,,MDL000653,true,,,http://mgaleg.maryland.gov/2015RS/images/krebs.jpg,http://mgaleg.maryland.gov/webmga/frmMain.aspx?pid=sponpage&tab=subject6&id=krebs&stab=01,,2015-01-14 21:51:10,,,lower,,Capitol Office,410-841-3200,"324 House Office Building
6 Bladen Street
Annapolis, MD 21401
Fax: 410-841-3349",capitol,,,
Jackson,2015-03-29 01:26:29,,"Jackson, Michael A.",MDL000621,Michael A.,,27B,md,,Democratic,Michael.Jackson@house.state.md.us,MDL000621,,MDL000621,true,,,http://mgaleg.maryland.gov/2015RS/images/jackson01.jpg,http://mgaleg.maryland.gov/webmga/frmMain.aspx?pid=sponpage&tab=subject6&id=jackson01&stab=01,,2015-01-14 21:51:09,,,lower,,Capitol Office,410-841-3103,"204 House Office Building
6 Bladen Street
Annapolis, MD 21401",capitol,,,
Morales,2015-03-29 01:26:29,,"Morales, Marice",MDL000635,Marice,,19,md,,Democratic,Marice.Morales@house.state.md.us,MDL000635,,MDL000635,true,,,http://mgaleg.maryland.gov/2015RS/images/morales01.jpg,http://mgaleg.maryland.gov/webmga/frmMain.aspx?pid=sponpage&tab=subject6&id=morales01&stab=01,,2015-01-14 21:51:10,,,lower,,Capitol Office,410-841-3528,"225 House Office Building
6 Bladen Street
Annapolis, MD 21401",capitol,,,
Brooks,2015-03-29 01:26:28,,"Brooks, Benjamin",MDL000625,Benjamin,,10,md,,Democratic,Benjamin.Brooks@house.state.md.us,MDL000625,,MDL000625,true,,,http://mgaleg.maryland.gov/2015RS/images/brooks01.jpg,http://mgaleg.maryland.gov/webmga/frmMain.aspx?pid=sponpage&tab=subject6&id=brooks01&stab=01,,2015-01-14 21:51:09,,,lower,,Capitol Office,410-841-3352,"304 House Office Building
6 Bladen Street
Annapolis, MD 21401",capitol,,,
Sydnor,2015-03-29 01:26:28,,"Sydnor, Charles E., III",MDL000652,Charles E,,44B,md,,Democratic,Charles.Sydnor@house.state.md.us,MDL000652,,MDL000652,true,,,http://mgaleg.maryland.gov/2015RS/images/sydnor01.jpg,http://mgaleg.maryland.gov/webmga/frmMain.aspx?pid=sponpage&tab=subject6&id=sydnor01&stab=01,,2015-01-14 21:51:10,,,lower,,Capitol Office,410-841-3802,"306 House Office Building
6 Bladen Street
Annapolis, MD 21401",capitol,,III,
Howard,2015-03-29 01:24:00,,"Howard, Seth A.",MDL000630,Seth A.,,30B,md,,Republican,Seth.Howard@house.state.md.us,MDL000630,MDL000713,MDL000630,true,,,http://mgaleg.maryland.gov/2015RS/images/howard01.jpg,http://mgaleg.maryland.gov/webmga/frmMain.aspx?pid=sponpage&tab=subject6&id=howard01&stab=01,,2015-01-14 21:51:09,,,lower,,Capitol Office,410-841-3439,"159  House Office Building
6 Bladen Street
Annapolis, MD 21401",capitol,,,
Ghrist,2015-03-29 01:26:29,,"Ghrist, Jefferson L.",MDL000686,Jefferson L.,,36,md,,Republican,Jeff.Ghrist@house.state.md.us,MDL000686,MDL000708,MDL000686,true,,,http://mgaleg.maryland.gov/2015RS/images/ghrist01.jpg,http://mgaleg.maryland.gov/webmga/frmMain.aspx?pid=sponpage&tab=subject6&id=ghrist01&stab=01,,2015-01-14 21:51:11,,,lower,,Capitol Office,410-841-3555,"410 House Office Building
6 Bladen Street
Annapolis, MD 21401",capitol,,,
Conaway,2015-03-29 01:26:28,92238,Frank M Conaway Jr.,MDL000264,Frank,M,40,md,68583,Democratic,frank.conaway@house.state.md.us,MDL000264,MDL000496,MDL000264,true,30bb92e04ce84362a792a0ff8b48b732,,http://mgaleg.maryland.gov/2015RS/images/conaway.jpg,http://mgaleg.maryland.gov/webmga/frmMain.aspx?pid=sponpage&tab=subject6&id=conaway&stab=01,us,2010-08-27 22:54:37,state,8842,lower,,Capitol Office,410-841-3189,"314 House Office Building
6 Bladen Street
Annapolis, MD 21401
Fax: 410-841-3079",capitol,,Jr.,
Vallario,2015-03-29 01:26:28,,"Vallario, Joseph F., Jr.",MDL000659,Joseph F,,23B,md,,Democratic,joseph.vallario@house.state.md.us,MDL000659,,MDL000659,true,,,http://mgaleg.maryland.gov/2015RS/images/vallario.jpg,http://mgaleg.maryland.gov/webmga/frmMain.aspx?pid=sponpage&tab=subject6&id=vallario&stab=01,,2015-01-14 21:51:10,,,lower,,Capitol Office,410-841-3488,"101 House Office Building
6 Bladen Street
Annapolis, MD 21401
Fax: 301-858-3495",capitol,,Jr.,
Grammer,2015-03-29 01:26:29,,"Grammer, Robin L., Jr.",MDL000681,Robin L,,6,md,,Republican,Robin.Grammer@house.state.md.us,MDL000681,,MDL000681,true,,,http://mgaleg.maryland.gov/2015RS/images/grammer01.jpg,http://mgaleg.maryland.gov/webmga/frmMain.aspx?pid=sponpage&tab=subject6&id=grammer01&stab=01,,2015-01-14 21:51:11,,,lower,,Capitol Office,410-841-3298,"307 House Office Building
6 Bladen Street
Annapolis, MD 21401",capitol,,Jr.,
Glass,2015-03-29 01:26:28,,Glen Glass,MDL000395,Glen,,34A,md,36503,Republican,glen.glass@house.state.md.us,MDL000395,MDL000515,MDL000395,true,b665818c63064b6a92c064f814ebe6ba,,http://www.msa.md.gov/msa/mdmanual/06hse/images/1198-1-4901b.jpg,http://mgaleg.maryland.gov/webmga/frmMain.aspx?pid=sponpage&tab=subject6&id=glass&stab=01,us,2011-01-14 22:24:08,state,,lower,,Capitol Office,410-841-3280,"325 House Office Building
6 Bladen Street
Annapolis, MD 21401
Fax: 410-841-3754",capitol,,,
Lafferty,2015-03-29 01:26:29,,"Lafferty, Stephen W.",MDL000679,Stephen W.,,42A,md,,Democratic,stephen.lafferty@house.state.md.us,MDL000679,,MDL000679,true,,,http://mgaleg.maryland.gov/2015RS/images/lafferty.jpg,http://mgaleg.maryland.gov/webmga/frmMain.aspx?pid=sponpage&tab=subject6&id=lafferty&stab=01,,2015-01-14 21:51:11,,,lower,,Capitol Office,410-841-3487,"305 House Office Building
6 Bladen Street
Annapolis, MD 21401
Fax: 410-841-3501",capitol,,,
Fisher,2015-03-29 01:26:28,,"Fisher, Mark N.",MDL000654,Mark N.,,27C,md,,Republican,rk.fisher@house.state.md.us,MDL000654,,MDL000654,true,,,http://mgaleg.maryland.gov/2015RS/images/fisher.jpg,http://mgaleg.maryland.gov/webmga/frmMain.aspx?pid=sponpage&tab=subject6&id=fisher&stab=01,,2015-01-14 21:51:10,,,lower,,Capitol Office,410-841-3231,"202 House Office Building
6 Bladen Street
Annapolis, MD 21401
Fax: 301-858-3335",capitol,,,
Ebersole,2015-03-29 01:26:29,,"Ebersole, Eric",MDL000691,Eric,,12,md,,Democratic,Eric.Ebersole@house.state.md.us,MDL000691,,MDL000691,true,,,http://mgaleg.maryland.gov/2015RS/images/ebersole01.jpg,http://mgaleg.maryland.gov/webmga/frmMain.aspx?pid=sponpage&tab=subject6&id=ebersole01&stab=01,,2015-01-14 21:51:11,,,lower,,Capitol Office,410-841-3328,"305 House Office Building
6 Bladen Street
Annapolis, MD 21401",capitol,,,
Kipke,2015-03-29 01:26:29,,"Kipke, Nicholaus R.",MDL000626,Nicholaus R.,,31B,md,,Republican,nicholaus.kipke@house.state.md.us,MDL000626,,MDL000626,true,,,http://mgaleg.maryland.gov/2015RS/images/kipke.jpg,http://mgaleg.maryland.gov/webmga/frmMain.aspx?pid=sponpage&tab=subject6&id=kipke&stab=01,,2015-01-14 21:51:09,,,lower,,Capitol Office,410-841-3421,"212 House Office Building
6 Bladen Street
Annapolis, MD 21401
Fax: 410-841-3553 | 301-858-3553",capitol,,,
Lisanti,2015-03-29 01:26:29,,"Lisanti, Mary Ann",MDL000703,Mary Ann,,34A,md,,Democratic,MaryAnn.Lisanti@house.state.md.us,MDL000703,,MDL000703,true,,,http://mgaleg.maryland.gov/2015RS/images/lisanti01.jpg,http://mgaleg.maryland.gov/webmga/frmMain.aspx?pid=sponpage&tab=subject6&id=lisanti01&stab=01,,2015-01-14 21:51:11,,,lower,,Capitol Office,410-841-3331,"217 House Office Building
6 Bladen Street
Annapolis, MD 21401",capitol,,,
Gilchrist,2015-03-29 01:26:29,92309,James W Gilchrist,MDL000281,James,W,17,md,36271,Democratic,jim.gilchrist@house.state.md.us,MDL000281,MDL000514,MDL000281,true,a91367456ee64b21b87e7ed05afc3ce4,,http://mgaleg.maryland.gov/2015RS/images/gilchrist.jpg,http://mgaleg.maryland.gov/webmga/frmMain.aspx?pid=sponpage&tab=subject6&id=gilchrist&stab=01,us,2010-08-27 22:54:37,state,5296,lower,,Capitol Office,410-841-3744,"219 House Office Building
6 Bladen Street
Annapolis, MD 21401
Fax: 301-858-3057",capitol,,,
Miele,2015-03-29 01:26:29,,"Miele, Christian",MDL000673,Christian,,8,md,,Republican,Christian.Miele@house.state.md.us,MDL000673,,MDL000673,true,,,http://mgaleg.maryland.gov/2015RS/images/miele01.jpg,http://mgaleg.maryland.gov/webmga/frmMain.aspx?pid=sponpage&tab=subject6&id=miele01&stab=01,,2015-01-14 21:51:11,,,lower,,Capitol Office,410-841-3365,"316 House Office Building
6 Bladen Street
Annapolis, MD 21401",capitol,,,
Knotts,2015-03-29 01:26:29,,"Knotts, Tony",MDL000619,Tony,,26,md,,Democratic,Tony.Knotts@house.state.md.us,MDL000619,,MDL000619,true,,,http://mgaleg.maryland.gov/2015RS/images/knotts01.jpg,http://mgaleg.maryland.gov/webmga/frmMain.aspx?pid=sponpage&tab=subject6&id=knotts01&stab=01,,2015-01-14 21:51:09,,,lower,,Capitol Office,410-841-3212,"204 House Office Building
6 Bladen Street
Annapolis, MD 21401",capitol,,,
Moon,2015-03-29 01:26:29,,"Moon, David",MDL000645,David,,20,md,,Democratic,David.Moon@house.state.md.us,MDL000645,,MDL000645,true,,,http://mgaleg.maryland.gov/2015RS/images/moon01.jpg,http://mgaleg.maryland.gov/webmga/frmMain.aspx?pid=sponpage&tab=subject6&id=moon01&stab=01,,2015-01-14 21:51:10,,,lower,,Capitol Office,410-841-3474,"220 House Office Building
6 Bladen Street
Annapolis, MD 21401",capitol,,,
Vitale,2015-03-29 01:24:00,,"Vitale, Cathy",MDL000629,Cathy,,33,md,,Republican,cathy.vitale@house.state.md.us,MDL000629,,MDL000629,true,,,http://mgaleg.maryland.gov/2015RS/images/vitale.jpg,http://mgaleg.maryland.gov/webmga/frmMain.aspx?pid=sponpage&tab=subject6&id=vitale&stab=01,,2015-01-14 21:51:09,,,lower,,Capitol Office,410-841-3510,"154 House Office Building
6 Bladen Street
Annapolis, MD 21401
Fax: 410-841-3180",capitol,,,
Campos,2015-03-29 01:26:29,,"Campos, Will",MDL000649,Will,,47B,md,,Democratic,Will.Campos@house.state.md.us,MDL000649,,MDL000649,true,,,http://mgaleg.maryland.gov/2015RS/images/campos01.jpg,http://mgaleg.maryland.gov/webmga/frmMain.aspx?pid=sponpage&tab=subject6&id=campos01&stab=01,,2015-01-14 21:51:10,,,lower,,Capitol Office,410-841-3340,"206 House Office Building
6 Bladen Street
Annapolis, MD 21401",capitol,,,
Aumann,2015-03-29 01:26:28,,"Aumann, Susan L. M.",MDL000656,Susan L. M.,,42B,md,,Republican,susan.aumann@house.state.md.us,MDL000656,,MDL000656,true,,,http://mgaleg.maryland.gov/2015RS/images/aumann.jpg,http://mgaleg.maryland.gov/webmga/frmMain.aspx?pid=sponpage&tab=subject6&id=aumann&stab=01,,2015-01-14 21:51:10,,,lower,,Capitol Office,410-841-3258,"303 House Office Building
6 Bladen Street
Annapolis, MD 21401
Fax: 410-841-3163",capitol,,,
Barron,2015-03-29 01:26:29,,"Barron, Erek L.",MDL000668,Erek L.,,24,md,,Democratic,Erek.Barron@house.state.md.us,MDL000668,MDL000705,MDL000668,true,,,http://mgaleg.maryland.gov/2015RS/images/barron01.jpg,http://mgaleg.maryland.gov/webmga/frmMain.aspx?pid=sponpage&tab=subject6&id=barron01&stab=01,,2015-01-14 21:51:10,,,lower,,Capitol Office,410-841-3692,"207 House Office Building
6 Bladen Street
Annapolis, MD 21401",capitol,,,
Hettleman,2015-03-29 01:26:29,,"Hettleman, Shelly",MDL000667,Shelly,,11,md,,Democratic,Shelly.Hettleman@house.state.md.us,MDL000667,,MDL000667,true,,,http://mgaleg.maryland.gov/2015RS/images/hettleman01.jpg,http://mgaleg.maryland.gov/webmga/frmMain.aspx?pid=sponpage&tab=subject6&id=hettleman01&stab=01,,2015-01-14 21:51:10,,,lower,,Capitol Office,410-841-3833,"311 House Office Building
6 Bladen Street
Annapolis, MD 21401",capitol,,,
Hixson,2015-03-29 01:26:28,92359,Sheila E Hixson,MDL000293,Sheila,E,20,md,6161,Democratic,sheila.hixson@house.state.md.us,MDL000293,MDL000526,MDL000293,true,0f200593904c43268c7afdf3d6ee5285,,http://mgaleg.maryland.gov/2015RS/images/hixson.jpg,http://mgaleg.maryland.gov/webmga/frmMain.aspx?pid=sponpage&tab=subject6&id=hixson&stab=01,us,2010-08-27 22:54:37,state,1467,lower,,Capitol Office,410-841-3469,"131 House Office Building
6 Bladen Street
Annapolis, MD 21401",capitol,,,
Young,2015-03-29 01:26:29,,"Young, Pat",MDL000670,Pat,,44B,md,,Democratic,pat.young@house.state.md.us,MDL000670,,MDL000670,true,,,http://mgaleg.maryland.gov/2015RS/images/young03.jpg,http://mgaleg.maryland.gov/webmga/frmMain.aspx?pid=sponpage&tab=subject6&id=young03&stab=01,,2015-01-14 21:51:10,,,lower,,Capitol Office,410-841-3544,"306 House Office Building
6 Bladen Street
Annapolis, MD 21401",capitol,,,
Adams,2015-03-29 01:26:28,,"Adams, Christopher T.",MDL000697,Christopher T.,,37B,md,,Republican,Christopher.Adams@house.state.md.us,MDL000697,,MDL000697,true,,,http://mgaleg.maryland.gov/2015RS/images/adams01.jpg,http://mgaleg.maryland.gov/webmga/frmMain.aspx?pid=sponpage&tab=subject6&id=adams01&stab=01,,2015-01-14 21:51:11,,,lower,,Capitol Office,410-841-3343,"323 House Office Building
6 Bladen Street
Annapolis, MD 21401",capitol,,,
West,2015-03-29 01:26:29,,"West, Chris",MDL000666,Chris,,42B,md,,Republican,Chris.West@house.state.md.us,MDL000666,,MDL000666,true,,,http://mgaleg.maryland.gov/2015RS/images/west01.jpg,http://mgaleg.maryland.gov/webmga/frmMain.aspx?pid=sponpage&tab=subject6&id=west01&stab=01,,2015-01-14 21:51:10,,,lower,,Capitol Office,410-841-3793,"303 House Office Building
6 Bladen Street
Annapolis, MD 21401",capitol,,,
Carey,2015-03-29 01:26:28,,"Carey, Ned",MDL000665,Ned,,31A,md,,Democratic,Ned.Carey@house.state.md.us,MDL000665,,MDL000665,true,,,http://mgaleg.maryland.gov/2015RS/images/carey01.jpg,http://mgaleg.maryland.gov/webmga/frmMain.aspx?pid=sponpage&tab=subject6&id=carey01&stab=01,,2015-01-14 21:51:10,,,lower,,Capitol Office,410-841-3047,"161 House Office Building
6 Bladen Street
Annapolis, MD 21401",capitol,,,
Hill,2015-03-29 01:26:29,,"Hill, Terri L.",MDL000647,Terri L.,,12,md,,Democratic,Terri.Hill@house.state.md.us,MDL000647,,MDL000647,true,,,http://mgaleg.maryland.gov/2015RS/images/hill02.jpg,http://mgaleg.maryland.gov/webmga/frmMain.aspx?pid=sponpage&tab=subject6&id=hill02&stab=01,,2015-01-14 21:51:10,,,lower,,Capitol Office,410-841-3378,"215 House Office Building
6 Bladen Street
Annapolis, MD 21401",capitol,,,
Dumais,2015-03-29 01:26:28,92269,Kathleen M Dumais,MDL000270,Kathleen,M,15,md,36454,Democratic,kathleen.dumais@house.state.md.us,MDL000270,MDL000503,MDL000270,true,23830b48994541b5b58e6fe2e8dd6802,,http://mgaleg.maryland.gov/2015RS/images/dumais.jpg,http://mgaleg.maryland.gov/webmga/frmMain.aspx?pid=sponpage&tab=subject6&id=dumais&stab=01,us,2010-08-27 22:54:37,state,5320,lower,,Capitol Office,410-841-3052,"101 House Office Building
6 Bladen Street
Annapolis, MD 21401
Fax: 301-858-3219",capitol,,,
Cluster,2015-03-29 01:26:28,,John W.E. Cluster Jr.,MDL000392,John,W.E.,8,md,36182,Republican,john.cluster@house.state.md.us,MDL000392,MDL000495,MDL000392,true,4f8de2a5ca9f4614a80d9aca1bb2e6e7,,http://mgaleg.maryland.gov/2015RS/images/cluster.jpg,http://mgaleg.maryland.gov/webmga/frmMain.aspx?pid=sponpage&tab=subject6&id=cluster&stab=01,us,2011-01-14 22:24:08,state,,lower,,Capitol Office,410-841-3526,"308 House Office Building
6 Bladen Street
Annapolis, MD 21401
Fax: 410-841-3098",capitol,,Jr.,
Platt,2015-03-29 01:26:29,,"Platt, Andrew",MDL000644,Andrew,,17,md,,Democratic,Andrew.Platt@house.state.md.us,MDL000644,,MDL000644,true,,,http://mgaleg.maryland.gov/2015RS/images/platt01.jpg,http://mgaleg.maryland.gov/webmga/frmMain.aspx?pid=sponpage&tab=subject6&id=platt01&stab=01,,2015-01-14 21:51:10,,,lower,,Capitol Office,410-841-3037,"220 House Office Building
6 Bladen Street
Annapolis, MD 21401",capitol,,,
Jalisi,2015-03-29 01:26:29,,"Jalisi, Jay",MDL000638,Jay,,10,md,,Democratic,Jay.Jalisi@house.state.md.us,MDL000638,,MDL000638,true,,,http://mgaleg.maryland.gov/2015RS/images/jalisi01.jpg,http://mgaleg.maryland.gov/webmga/frmMain.aspx?pid=sponpage&tab=subject6&id=jalisi01&stab=01,,2015-01-14 21:51:10,,,lower,,Capitol Office,410-841-3358,"304 House Office Building
6 Bladen Street
Annapolis, MD 21401
Fax: 410-841-3100 | 301-858-3100",capitol,,,
Morgan,2015-03-29 01:26:29,,"Morgan, Matthew",MDL000674,Matthew,,29A,md,,Republican,Matt.Morgan@house.state.md.us,MDL000674,,MDL000674,true,,,http://mgaleg.maryland.gov/2015RS/images/morgan02.jpg,http://mgaleg.maryland.gov/webmga/frmMain.aspx?pid=sponpage&tab=subject6&id=morgan02&stab=01,,2015-01-14 21:51:11,,,lower,,Capitol Office,410-841-3170,"317 House Office Building
6 Bladen Street
Annapolis, MD 21401",capitol,,,
Chang,2015-03-29 01:26:29,,"Chang, Mark S.",MDL000634,Mark S.,,32,md,,Democratic,Mark.Chang@house.state.md.us,MDL000634,,MDL000634,true,,,http://mgaleg.maryland.gov/2015RS/images/chang01.jpg,http://mgaleg.maryland.gov/webmga/frmMain.aspx?pid=sponpage&tab=subject6&id=chang01&stab=01,,2015-01-14 21:51:10,,,lower,,Capitol Office,410-841-3511,"160 House Office Building
6 Bladen Street
Annapolis, MD 21401",capitol,,,
Shoemaker,2015-03-29 01:26:29,,"Shoemaker, Haven",MDL000655,Haven,,5,md,,Republican,Haven.Shoemaker@house.state.md.us,MDL000655,,MDL000655,true,,,http://mgaleg.maryland.gov/2015RS/images/shoemaker01.jpg,http://mgaleg.maryland.gov/webmga/frmMain.aspx?pid=sponpage&tab=subject6&id=shoemaker01&stab=01,,2015-01-14 21:51:10,,,lower,,Capitol Office,410-841-3359,"320 House Office Building
6 Bladen Street
Annapolis, MD 21401",capitol,,,
Wilson,2015-03-29 01:26:28,,"Wilson, Brett",MDL000696,Brett,,2B,md,,Republican,brett.wilson@house.state.md.us,MDL000696,,MDL000696,true,,,http://mgaleg.maryland.gov/2015RS/images/wilson01.jpg,http://mgaleg.maryland.gov/webmga/frmMain.aspx?pid=sponpage&tab=subject6&id=wilson01&stab=01,,2015-01-14 21:51:11,,,lower,,Capitol Office,410-841-3125,"213 House Office Building
6 Bladen Street
Annapolis, MD 21401",capitol,,,
McMillan,2015-03-29 01:26:29,,"McMillan, Herb",MDL000642,Herb,,30A,md,,Republican,herb.mcmillan@house.state.md.us,MDL000642,,MDL000642,true,,,http://mgaleg.maryland.gov/2015RS/images/mcmillan.jpg,http://mgaleg.maryland.gov/webmga/frmMain.aspx?pid=sponpage&tab=subject6&id=mcmillan&stab=01,,2015-01-14 21:51:10,,,lower,,Capitol Office,410-841-3211,"164 House Office Building
6 Bladen Street
Annapolis, MD 21401
Fax: 410-841--3386",capitol,,,
Atterbeary,2015-03-29 01:26:29,,"Atterbeary, Vanessa E.",MDL000620,Vanessa E.,,13,md,,Democratic,Vanessa.Atterbeary@house.state.md.us,MDL000620,MDL000711,MDL000620,true,,,http://mgaleg.maryland.gov/2015RS/images/atterbeary01.jpg,http://mgaleg.maryland.gov/webmga/frmMain.aspx?pid=sponpage&tab=subject6&id=atterbeary01&stab=01,,2015-01-14 21:51:09,,,lower,,Capitol Office,410-841-3471,"216 House Office Building
6 Bladen Street
Annapolis, MD 21401",capitol,,,
Wivell,2015-03-29 01:26:29,,"Wivell, William J.",MDL000719,William J.,,2A,md,,Republican,william.wivell@house.state.md.us,MDL000719,,MDL000719,true,,,http://mgaleg.maryland.gov/2015RS/images/wivell01.jpg,http://mgaleg.maryland.gov/webmga/frmMain.aspx?pid=sponpage&tab=subject6&id=wivell01&stab=01,,2015-03-18 01:13:44,,,lower,,Capitol Office,410-841-3447,"322 House Office Building
6 Bladen St.
Annapolis, MD 21401",capitol,,,
Otto,2015-03-29 01:26:29,,Charles J Otto,MDL000406,Charles,J,38A,md,127524,Republican,charles.otto@house.state.md.us,MDL000406,MDL000572,MDL000406,true,a79ea577baba4f748206b7dc186987db,,http://mgaleg.maryland.gov/2015RS/images/otto.jpg,http://mgaleg.maryland.gov/webmga/frmMain.aspx?pid=sponpage&tab=subject6&id=otto&stab=01,us,2011-01-14 22:24:08,state,,lower,,Capitol Office,410-841-3433,"321 House Office Building
6 Bladen Street
Annapolis, MD 21401
Fax: 410-841-3463",capitol,,,
Hayes,2015-03-29 01:26:29,,"Hayes, Antonio L.",MDL000632,Antonio L.,,40,md,,Democratic,Antonio.Hayes@house.state.md.us,MDL000632,MDL000715,MDL000632,true,,,http://mgaleg.maryland.gov/2015RS/images/hayes01.jpg,http://mgaleg.maryland.gov/webmga/frmMain.aspx?pid=sponpage&tab=subject6&id=hayes01&stab=01,,2015-01-14 21:51:10,,,lower,,Capitol Office,410-841-3545,"315 House Office Building
6 Bladen Street
Annapolis, MD 21401",capitol,,,
Carozza,2015-03-29 01:26:29,,"Carozza, Mary Beth",MDL000695,Mary Beth,,38C,md,,Republican,MaryBeth.Carozza@house.state.md.us,MDL000695,,MDL000695,true,,,http://mgaleg.maryland.gov/2015RS/images/carozza01.jpg,http://mgaleg.maryland.gov/webmga/frmMain.aspx?pid=sponpage&tab=subject6&id=carozza01&stab=01,,2015-01-14 21:51:11,,,lower,,Capitol Office,410-841-3356,"203 House Office Building
6 Bladen Street
Annapolis, MD 21401",capitol,,,
Malone,2015-03-29 01:26:28,,"Malone, Michael E.",MDL000720,Michael E.,,33,md,,Republican,Michael.Malone@house.state.md.us,MDL000720,,MDL000720,true,,,http://mgaleg.maryland.gov/2015RS/images/malone01.jpg,http://mgaleg.maryland.gov/webmga/frmMain.aspx?pid=sponpage&tab=subject6&id=malone01&stab=01,,2015-03-18 01:13:45,,,lower,,Capitol Office,410-841-3510,"154 House Office Bldg.
6 Bladen St.
Annapolis, MD 21401",capitol,,,
Haynes,2015-03-29 01:26:29,,"Haynes, Keith E.",MDL000669,Keith E.,,44A,md,,Democratic,keith.haynes@house.state.md.us,MDL000669,,MDL000669,true,,,http://mgaleg.maryland.gov/2015RS/images/haynes.jpg,http://mgaleg.maryland.gov/webmga/frmMain.aspx?pid=sponpage&tab=subject6&id=haynes&stab=01,,2015-01-14 21:51:10,,,lower,,Capitol Office,410-841-3801,"424 House Office Building
6 Bladen Street
Annapolis, MD 21401
Fax: 410-841-3530",capitol,,,
Krimm,2015-03-29 01:26:29,,"Krimm, Carol L.",MDL000672,Carol L.,,3A,md,,Democratic,Carol.Krimm@house.state.md.us,MDL000672,,MDL000672,true,,,http://mgaleg.maryland.gov/2015RS/images/krimm01.jpg,http://mgaleg.maryland.gov/webmga/frmMain.aspx?pid=sponpage&tab=subject6&id=krimm01&stab=01,,2015-01-14 21:51:11,,,lower,,Capitol Office,410-841-3472,"215 House Office Building
6 Bladen Street
Annapolis, MD 21401",capitol,,,
Fraser-Hidalgo,2015-03-29 01:26:29,,David Fraser-Hidalgo,MDL000617,David,,15,md,,Democratic,david.fraser.hidalgo@house.state.md.us,MDL000617,,MDL000617,true,799191c2b85d4de589c1ac8dc47cba66,,http://mgaleg.maryland.gov/2015RS/images/fraser01.jpg,http://mgaleg.maryland.gov/webmga/frmMain.aspx?pid=sponpage&tab=subject6&id=fraser01&stab=01,,2013-10-24 03:02:06,,,lower,,Capitol Office,410-841-3186,"226 House Office Building
6 Bladen Street
Annapolis, MD 21401
Fax: 301-858-3112",capitol,,,
McComas,2015-03-29 01:26:29,,"McComas, Susan K.",MDL000641,Susan K.,,34B,md,,Republican,susan.mccomas@house.state.md.us,MDL000641,,MDL000641,true,,,http://mgaleg.maryland.gov/2015RS/images/mccomas.jpg,http://mgaleg.maryland.gov/webmga/frmMain.aspx?pid=sponpage&tab=subject6&id=mccomas&stab=01,,2015-01-14 21:51:10,,,lower,,Capitol Office,410-841-3272,"319 House Office Building
6 Bladen Street
Annapolis, MD 21401
Fax: 410-841-3202 | 301-858-3202",capitol,,,
Ciliberti,2015-03-29 01:26:29,,"Ciliberti, Barrie S.",MDL000716,Barrie S.,,4,md,,Republican,Barrie.Ciliberti@house.state.md.us,MDL000716,,MDL000716,true,,,http://mgaleg.maryland.gov/2015RS/images/ciliberti01.jpg,http://mgaleg.maryland.gov/webmga/frmMain.aspx?pid=sponpage&tab=subject6&id=ciliberti01&stab=01,,2015-02-05 00:45:39,,,lower,,Capitol Office,410-841-3080,"324 House Office Bldg.
6 Bladen Street
Annapolis, MD 21401
Fax: 410-841-3028 | 301-858-3028",capitol,,,
Hornberger,2015-03-29 01:26:29,,"Hornberger, Kevin B.",MDL000717,Kevin B.,,35A,md,,Republican,Kevin.Hornberger@house.state.md.us,MDL000717,,MDL000717,true,,,http://mgaleg.maryland.gov/2015RS/images/hornberger01.jpg,http://mgaleg.maryland.gov/webmga/frmMain.aspx?pid=sponpage&tab=subject6&id=hornberger01&stab=01,,2015-02-12 01:20:27,,,lower,,Capitol Office,410-841-3284,"410  House Office Building
6 Bladen Street
Annapolis, MD 21401",capitol,,,
Parrott,2015-03-29 01:26:28,,"Parrott, Neil",MDL000648,Neil,,2A,md,,Republican,neil.parrott@house.state.md.us,MDL000648,,MDL000648,true,,,http://mgaleg.maryland.gov/2015RS/images/parrott.jpg,http://mgaleg.maryland.gov/webmga/frmMain.aspx?pid=sponpage&tab=subject6&id=parrott&stab=01,,2015-01-14 21:51:10,,,lower,,Capitol Office,410-841-3636,"213 House Office Building
6 Bladen Street
Annapolis, MD 21401
Fax: 301-858-3308",capitol,,,
Anderton,2015-03-29 01:26:29,,"Anderton, Carl, Jr.",MDL000684,Carl,,38B,md,,Republican,Carl.Anderton@house.state.md.us,MDL000684,,MDL000684,true,,,http://mgaleg.maryland.gov/2015RS/images/anderton01.jpg,http://mgaleg.maryland.gov/webmga/frmMain.aspx?pid=sponpage&tab=subject6&id=anderton01&stab=01,,2015-01-14 21:51:11,,,lower,,Capitol Office,410-841-3431,"317 House Office Building
6 Bladen Street
Annapolis, MD 21401",capitol,,Jr.,
Patterson,2015-03-29 01:26:29,,"Patterson, Edith J.",MDL000689,Edith J.,,28,md,,Democratic,Edith.Patterson@house.state.md.us,MDL000689,,MDL000689,true,,,http://mgaleg.maryland.gov/2015RS/images/patterson02.jpg,http://mgaleg.maryland.gov/webmga/frmMain.aspx?pid=sponpage&tab=subject6&id=patterson02&stab=01,,2015-01-14 21:51:11,,,lower,,Capitol Office,410-841-3247,"221  House Office Building
6 Bladen Street
Annapolis, MD 21401",capitol,,,
Reilly,2015-03-29 01:26:29,,"Reilly, Teresa E.",MDL000650,Teresa E.,,35B,md,,Republican,Teresa.Reilly@house.state.md.us,MDL000650,MDL000714,MDL000650,true,,,http://mgaleg.maryland.gov/2015RS/images/reilly01.jpg,http://mgaleg.maryland.gov/webmga/frmMain.aspx?pid=sponpage&tab=subject6&id=reilly01&stab=01,,2015-01-14 21:51:10,,,lower,,Capitol Office,410-841-3278,"203 House Office Building
6 Bladen Street
Annapolis, MD 21401
Fax: 410-841-3190 | 301-858-3190",capitol,,,
Vogt,2015-03-29 01:26:29,,"Vogt, David E., III",MDL000687,David E,,4,md,,Republican,David.Vogt@house.state.md.us,MDL000687,,MDL000687,true,,,http://mgaleg.maryland.gov/2015RS/images/vogt01.jpg,http://mgaleg.maryland.gov/webmga/frmMain.aspx?pid=sponpage&tab=subject6&id=vogt01&stab=01,,2015-01-14 21:51:11,,,lower,,Capitol Office,410-841-3118,"326 House Office Building
6 Bladen Street
Annapolis, MD 21401",capitol,,III,
Busch,2015-03-29 01:24:00,,"Busch, Michael E.",MDL000636,Michael E.,,30A,md,,Democratic,chael.busch@house.state.md.us,MDL000636,,MDL000636,true,,,http://mgaleg.maryland.gov/2015RS/images/busch.jpg,http://mgaleg.maryland.gov/webmga/frmMain.aspx?pid=sponpage&tab=subject6&id=busch&stab=01,,2015-01-14 21:51:10,,,lower,,Capitol Office,410-841-3800,"H-101 State House
State Circle
Annapolis, MD 21401
Fax: 410-841-3880 | 301-858-3880",capitol,,,
McConkey,2015-03-29 01:26:29,,"McConkey, Tony",MDL000677,Tony,,33,md,,Republican,ny.mcconkey@house.state.md.us,MDL000677,,MDL000677,true,,,http://mgaleg.maryland.gov/2015RS/images/mcconkey.jpg,http://mgaleg.maryland.gov/webmga/frmMain.aspx?pid=sponpage&tab=subject6&id=mcconkey&stab=01,,2015-01-14 21:51:11,,,lower,,Capitol Office,410-841-3406,"163 House Office Building
6 Bladen Street
Annapolis, MD 21401
Fax: 410-841-3209 | 301-858-3209",capitol,,,
Flanagan,2015-03-29 01:26:29,,"Flanagan, Robert L.",MDL000631,Robert L.,,9B,md,,Republican,Bob.Flanagan@house.state.md.us,MDL000631,,MDL000631,true,,,http://mgaleg.maryland.gov/2015RS/images/flanagan01.jpg,http://mgaleg.maryland.gov/webmga/frmMain.aspx?pid=sponpage&tab=subject6&id=flanagan01&stab=01,,2015-01-14 21:51:10,,,lower,,Capitol Office,410-841-3077,"430 House Office Building
6 Bladen Street
Annapolis, MD 21401
Fax: 410-841-3241 | 301-858-3241",capitol,,,
Barnes,2015-03-29 01:26:29,,"Barnes, Darryl",MDL000664,Darryl,,25,md,,Democratic,Darryl.Barnes@house.state.md.us,MDL000664,,MDL000664,true,,,http://mgaleg.maryland.gov/2015RS/images/barnes02.jpg,http://mgaleg.maryland.gov/webmga/frmMain.aspx?pid=sponpage&tab=subject6&id=barnes02&stab=01,,2015-01-14 21:51:10,,,lower,,Capitol Office,410-841-3557,"206 House Office Building
6 Bladen Street
Annapolis, MD 21401",capitol,,,
Robinson,2015-03-29 01:26:29,,A. Shane Robinson,MDL000409,Shane,,39,md,125994,Democratic,shane.robinson@house.state.md.us,MDL000409,MDL000580,MDL000409,true,28df242b3c564c09a70e6f6b889edb1e,,http://mgaleg.maryland.gov/2015RS/images/robinson s.jpg,http://mgaleg.maryland.gov/webmga/frmMain.aspx?pid=sponpage&tab=subject6&id=robinson%20s&stab=01,us,2011-01-14 22:24:08,state,,lower,,Capitol Office,410-841-3021,"223 House Office Building
6 Bladen Street
Annapolis, MD 21401
Fax: 301-858-3375",capitol,,,
Frush,2015-03-29 01:26:29,92300,Barbara A Frush,MDL000278,Barbara,A,21,md,6145,Democratic,barbara.frush@house.state.md.us,MDL000278,MDL000511,MDL000278,true,80bb660c05734ea99fa8b395e7580153,,http://mgaleg.maryland.gov/2015RS/images/frush.jpg,http://mgaleg.maryland.gov/webmga/frmMain.aspx?pid=sponpage&tab=subject6&id=frush&stab=01,us,2010-08-27 22:54:37,state,1457,lower,,Capitol Office,410-841-3114,"364 House Office Building
6 Bladen Street
Annapolis, MD 21401
Fax: 410-841-3116 | 301-858-3116",capitol,,,
Reznik,2015-03-29 01:26:29,,Kirill Reznik,MDL000345,Kirill,,39,md,101241,Democratic,kirill.reznik@house.state.md.us,MDL000345,MDL000578,MDL000345,true,7ebe34b0b4174259b5c78be4b1c61acb,,http://mgaleg.maryland.gov/2015RS/images/reznik.jpg,http://mgaleg.maryland.gov/webmga/frmMain.aspx?pid=sponpage&tab=subject6&id=reznik&stab=01,us,2010-08-27 22:54:38,state,,lower,,Capitol Office,410-841-3039,"225 House Office Building
6 Bladen Street
Annapolis, MD 21401
Fax: 301-858-3126",capitol,,,
Pendergrass,2015-03-29 01:26:29,92512,Shane E Pendergrass,MDL000342,Shane,E,13,md,6210,Democratic,shane.pendergrass@house.state.md.us,MDL000342,MDL000575,MDL000342,true,2be20b75a3a3474a865ac712c563ec1f,,http://mgaleg.maryland.gov/2015RS/images/pendergrass.jpg,http://mgaleg.maryland.gov/webmga/frmMain.aspx?pid=sponpage&tab=subject6&id=pendergrass&stab=01,us,2010-08-27 22:54:38,state,1491,lower,,Capitol Office,410-841-3139,"241 House Office Building
6 Bladen Street
Annapolis, MD 21401
Fax: 410-841-3409 | 301-858-3409",capitol,,,
Barve,2015-03-29 01:26:29,92169,Kumar P Barve,MDL000244,Kumar,P,17,md,6104,Democratic,kumar.barve@house.state.md.us,MDL000244,MDL000477,MDL000244,true,c9c64b58dc0848369c43836214c97a8e,,http://mgaleg.maryland.gov/2015RS/images/barve.jpg,http://mgaleg.maryland.gov/webmga/frmMain.aspx?pid=sponpage&tab=subject6&id=barve&stab=01,us,2010-08-27 22:54:37,state,1436,lower,,Capitol Office,410-841-3990,"251 House Office Building
6 Bladen Street
Annapolis, MD 21401
Fax: 301-858-3850",capitol,,,
Szeliga,2015-03-29 01:26:29,,Kathy J Szeliga,MDL000412,Kathy,J,7,md,127407,Republican,kathy.szeliga@house.state.md.us,MDL000412,MDL000594,MDL000412,true,7faa8a29cff1462780ea146d5a66b218,,http://mgaleg.maryland.gov/2015RS/images/szeliga.jpg,http://mgaleg.maryland.gov/webmga/frmMain.aspx?pid=sponpage&tab=subject6&id=szeliga&stab=01,us,2011-01-14 22:24:08,state,,lower,,Capitol Office,410-841-3698,"212 House Office Building
6 Bladen Street
Annapolis, MD 21401
Fax: 410-841-3023",capitol,,,
Branch,2015-03-29 01:26:28,92196,Talmadge Branch,MDL000252,Talmadge,,45,md,6112,Democratic,dge.branch@house.state.md.us,MDL000252,MDL000484,MDL000252,true,486b5f8f06b143398091d31075b92c7f,,http://mgaleg.maryland.gov/2015RS/images/branch.jpg,http://mgaleg.maryland.gov/webmga/frmMain.aspx?pid=sponpage&tab=subject6&id=branch&stab=01,us,2010-08-27 22:54:37,state,1439,lower,,Capitol Office,410-841-3398,"151 House Office Building
6 Bladen Street
Annapolis, MD 21401
Fax: 410-841-3550",capitol,,,
Miller,2015-03-29 01:26:28,92467,Warren E Miller,MDL000328,Warren,E,9A,md,36261,Republican,warren.miller@house.state.md.us,MDL000328,MDL000559,MDL000328,true,855ae742116c45b1a4f25bc89b6211ef,,http://mgaleg.maryland.gov/2015RS/images/miller.jpg,http://mgaleg.maryland.gov/webmga/frmMain.aspx?pid=sponpage&tab=subject6&id=miller&stab=01,us,2010-08-27 22:54:38,state,5294,lower,,Capitol Office,410-841-3582,"403 House Office Building
6 Bladen Street
Annapolis, MD 21401
Fax: 410-841-3571 | 301-858-3571",capitol,,,
McIntosh,2015-03-29 01:26:29,92455,Maggie McIntosh,MDL000327,Maggie,,43,md,6188,Democratic,ggie.mcintosh@house.state.md.us,MDL000327,MDL000556,MDL000327,true,841e91eeb9e74a5bb3b99a5bef511237,,http://mgaleg.maryland.gov/2015RS/images/mcintosh.jpg,http://mgaleg.maryland.gov/webmga/frmMain.aspx?pid=sponpage&tab=subject6&id=mcintosh&stab=01,us,2010-08-27 22:54:38,state,1481,lower,,Capitol Office,410-841-3407,"121 House Office Building
6 Bladen Street
Annapolis, MD 21401
Fax: 410-841-3509",capitol,,,
Proctor,2015-03-29 01:26:29,92525,James E Proctor Jr.,MDL000343,James,E,27A,md,6217,Democratic,james.proctor@house.state.md.us,MDL000343,MDL000576,MDL000343,true,808130be1b3b441dbbb1ff919b779489,,http://mgaleg.maryland.gov/2015RS/images/proctor.jpg,http://mgaleg.maryland.gov/webmga/frmMain.aspx?pid=sponpage&tab=subject6&id=proctor&stab=01,us,2010-08-27 22:54:38,state,1493,lower,,Capitol Office,410-841-3083,"121 House Office Building
6 Bladen Street
Annapolis, MD 21401
Fax: 301-858-3459",capitol,,Jr.,
Gaines,2015-03-29 01:26:29,92302,Tawanna P Gaines,MDL000279,Tawanna,P,22,md,36524,Democratic,wanna.gaines@house.state.md.us,MDL000279,MDL000512,MDL000279,true,97a70e8082b84d729ffeccf97c2b261f,,http://mgaleg.maryland.gov/2015RS/images/gaines.jpg,http://mgaleg.maryland.gov/webmga/frmMain.aspx?pid=sponpage&tab=subject6&id=gaines&stab=01,us,2010-08-27 22:54:37,state,5331,lower,,Capitol Office,410-841-3058,"363 House Office Building
6 Bladen Street
Annapolis, MD 21401
Fax: 301-858-3119",capitol,,,
Jacobs,2015-03-29 01:26:29,,Jay A Jacobs,MDL000399,Jay,A,36,md,66537,Republican,jay.jacobs@house.state.md.us,MDL000399,MDL000535,MDL000399,true,cce0fa85a79245b094402aa69b2f1002,,http://mgaleg.maryland.gov/2015RS/images/jacobs j.jpg,http://mgaleg.maryland.gov/webmga/frmMain.aspx?pid=sponpage&tab=subject6&id=jacobs%20j&stab=01,us,2011-01-14 22:24:08,state,,lower,,Capitol Office,410-841-3449,"321 House Office Building
6 Bladen Street
Annapolis, MD 21401
Fax: 410-841-3093",capitol,,,
O'Donnell,2015-03-29 01:26:29,92498,Anthony J O'Donnell,MDL000339,Anthony,J,29C,md,6204,Republican,nthony.odonnell@house.state.md.us,MDL000339,MDL000570,MDL000339,true,2f469220066d4839b4854dc351a7893a,,http://mgaleg.maryland.gov/2015RS/images/odonnell.jpg,http://mgaleg.maryland.gov/webmga/frmMain.aspx?pid=sponpage&tab=subject6&id=odonnell&stab=01,us,2010-08-27 22:54:38,state,1488,lower,,Capitol Office,410-841-3314,"201 House Office Building
6 Bladen Street
Annapolis, MD 21401
Fax: 410-841-3534 | 301-858-3534",capitol,,,
Zucker,2015-03-29 01:26:29,,Craig Zucker,MDL000417,Craig,,14,md,36311,Democratic,craig.zucker@house.state.md.us,MDL000417,MDL000610,MDL000417,true,cb3617a948db4de5b43fe0cc5f05457e,,http://mgaleg.maryland.gov/2015RS/images/zucker.jpg,http://mgaleg.maryland.gov/webmga/frmMain.aspx?pid=sponpage&tab=subject6&id=zucker&stab=01,us,2011-01-14 22:24:08,state,,lower,,Capitol Office,410-841-3380,"224 House Office Building
6 Bladen Street
Annapolis, MD 21401
Fax: 301-858-3266",capitol,,,
Impallaria,2015-03-29 01:26:28,92374,Richard K Impallaria,MDL000298,Richard,K,7,md,36332,Republican,rick.impallaria@house.state.md.us,MDL000298,MDL000533,MDL000298,true,62591fd9d4b34ce2b5e6692c1638a04a,,http://mgaleg.maryland.gov/2015RS/images/impallaria.jpg,http://mgaleg.maryland.gov/webmga/frmMain.aspx?pid=sponpage&tab=subject6&id=impallaria&stab=01,us,2010-08-27 22:54:37,state,5304,lower,,Capitol Office,410-841-3289,"310 House Office Building
6 Bladen Street
Annapolis, MD 21401
Fax: 410-841-3598",capitol,,,
Beitzel,2015-03-29 01:26:29,80704,Wendell R Beitzel,MDL000247,Wendell,R,1A,md,66729,Republican,wendell.beitzel@house.state.md.us,MDL000247,MDL000480,MDL000247,true,b89adea064134919ad82b3427a59d5a2,,http://mgaleg.maryland.gov/2015RS/images/beitzel.jpg,http://mgaleg.maryland.gov/webmga/frmMain.aspx?pid=sponpage&tab=subject6&id=beitzel&stab=01,us,2010-08-27 22:54:37,state,8567,lower,,Capitol Office,410-841-3435,"309 House Office Building
6 Bladen Street
Annapolis, MD 21401
Fax: 301-858-3040",capitol,,,
Sophocleus,2015-03-29 01:26:29,92581,Theodore J Sophocleus,MDL000359,Theodore,J,32,md,19136,Democratic,ted.sophocleus@house.state.md.us,MDL000359,MDL000588,MDL000359,true,67ab78a6186e4c6190cda38ca6ebe375,,http://mgaleg.maryland.gov/2015RS/images/sophocleus.jpg,http://mgaleg.maryland.gov/webmga/frmMain.aspx?pid=sponpage&tab=subject6&id=sophocleus&stab=01,us,2010-08-27 22:54:38,state,3479,lower,,Capitol Office,410-841-3372,"162 House Office Building
6 Bladen Street
Annapolis, MD 21401
Fax: 410-841-3437 | 301-858-3437",capitol,,,
Jones,2015-03-29 01:26:29,92389,Adrienne A Jones,MDL000304,Adrienne,A,10,md,2029,Democratic,drienne.jones@house.state.md.us,MDL000304,MDL000538,MDL000304,true,c6b2fd66b98d4364a54a5151a02b7ece,,http://mgaleg.maryland.gov/2015RS/images/jones.jpg,http://mgaleg.maryland.gov/webmga/frmMain.aspx?pid=sponpage&tab=subject6&id=jones&stab=01,us,2010-08-27 22:54:37,state,69,lower,,Capitol Office,410-841-3391,"312 House Office Building
6 Bladen Street
Annapolis, MD 21401
Fax: 410-841-3157",capitol,,,
Barnes,2015-03-29 01:26:29,92167,Benjamin S Barnes,MDL000241,Benjamin,S,21,md,65935,Democratic,ben.barnes@house.state.md.us,MDL000241,MDL000476,MDL000241,true,a585f9d6f8cc40b79ac25773bc79e12d,,http://mgaleg.maryland.gov/2015RS/images/barnes.jpg,http://mgaleg.maryland.gov/webmga/frmMain.aspx?pid=sponpage&tab=subject6&id=barnes&stab=01,us,2010-08-27 22:54:37,state,8448,lower,,Capitol Office,410-841-3046,"151 House Office Building
6 Bladen Street
Annapolis, MD 21401
Fax: 410-841-3346 | 301-858-3346",capitol,,,
